{
  "1": {
    "um_per_px": 3.0726172357193526,
    "ref_um": 200.0,
    "p1": [
      73.42729562761232,
      578.4885686491266
    ],
    "p2": [
      138.5183839919515,
      578.4885686491266
    ]
  },
  "2": {
    "um_per_px": 3.0726172357193526,
    "ref_um": 200.0,
    "p1": [
      42.595430274882794,
      714.40000549685
    ],
    "p2": [
      107.68651863922197,
      714.40000549685
    ]
  },
  "3": {
    "um_per_px": 3.0726172357193526,
    "ref_um": 200.0,
    "p1": [
      35.73197260140562,
      754.3299555308286
    ],
    "p2": [
      100.82306096574482,
      754.3299555308286
    ]
  },
  "4": {
    "um_per_px": 3.0726172357193526,
    "ref_um": 500.0,
    "p1": [
      22.093109067120082,
      866.842165238201
    ],
    "p2": [
      184.82082997796806,
      866.842165238201
    ]
  },
  "5": {
    "um_per_px": 3.0726172357193526,
    "ref_um": 500.0,
    "p1": [
      73.4345137771321,
      781.2307958639203
    ],
    "p2": [
      236.16223468798006,
      781.2307958639203
    ]
  },
  "6": {
    "um_per_px": 3.0726172357193526,
    "ref_um": 500.0,
    "p1": [
      79.5425917746041,
      788.0495024423847
    ],
    "p2": [
      242.2703126854521,
      788.0495024423847
    ]
  },
  "7": {
    "um_per_px": 3.0726172357193526,
    "ref_um": 500.0,
    "p1": [
      228.16738053792912,
      832.7264740162956
    ],
    "p2": [
      390.8951014487771,
      832.7264740162956
    ]
  },
  "8": {
    "um_per_px": 3.0726172357193526,
    "ref_um": 500.0,
    "p1": [
      1275.304842369765,
      1010.1323692365557
    ],
    "p2": [
      1438.032563280613,
      1010.1323692365557
    ]
  },
  "9": {
    "um_per_px": 3.0726172357193526,
    "ref_um": 500.0,
    "p1": [
      1289.2683891101387,
      1090.1446688585515
    ],
    "p2": [
      1451.9961100209866,
      1090.1446688585515
    ]
  },
  "10": {
    "um_per_px": 3.0726172357193526,
    "ref_um": 500.0,
    "p1": [
      1420.8156803766042,
      1123.2272497547556
    ],
    "p2": [
      1583.543401287452,
      1123.2272497547556
    ]
  },
  "11": {
    "um_per_px": 3.0726172357193526,
    "ref_um": 500.0,
    "p1": [
      1393.035064326706,
      1112.5590199441378
    ],
    "p2": [
      1555.762785237554,
      1112.5590199441378
    ]
  },
  "12": {
    "um_per_px": 3.0726172357193526,
    "ref_um": 500.0,
    "p1": [
      1586.4382023150006,
      1203.4252746626212
    ],
    "p2": [
      1749.1659232258485,
      1203.4252746626212
    ]
  },
  "13": {
    "um_per_px": 3.0726172357193526,
    "ref_um": 500.0,
    "p1": [
      1777.9459102258288,
      1243.8900915643542
    ],
    "p2": [
      1940.6736311366767,
      1243.8900915643542
    ]
  },
  "14": {
    "um_per_px": 3.0726172357193526,
    "ref_um": 500.0,
    "p1": [
      1776.4236234803464,
      1392.918316346582
    ],
    "p2": [
      1939.1513443911942,
      1392.918316346582
    ]
  },
  "15": {
    "um_per_px": 3.0726172357193526,
    "ref_um": 500.0,
    "p1": [
      1726.186650698078,
      1499.1351661283907
    ],
    "p2": [
      1888.914371608926,
      1499.1351661283907
    ]
  },
  "16": {
    "um_per_px": 3.0726172357193526,
    "ref_um": 500.0,
    "p1": [
      1695.999489071506,
      1570.280829265757
    ],
    "p2": [
      1858.7272099823542,
      1570.280829265757
    ]
  },
  "17": {
    "um_per_px": 3.0726172357193526,
    "ref_um": 500.0,
    "p1": [
      1587.8253713346376,
      1461.9128695832628
    ],
    "p2": [
      1750.5530922454855,
      1461.9128695832628
    ]
  },
  "18": {
    "um_per_px": 3.0726172357193526,
    "ref_um": 500.0,
    "p1": [
      1592.8861099155263,
      1322.7524557858994
    ],
    "p2": [
      1755.6138308263742,
      1322.7524557858994
    ]
  },
  "19": {
    "um_per_px": 3.0726172357193526,
    "ref_um": 500.0,
    "p1": [
      1406.2844045532352,
      1380.893593640388
    ],
    "p2": [
      1569.012125464083,
      1380.893593640388
    ]
  },
  "20": {
    "um_per_px": 3.0726172357193526,
    "ref_um": 500.0,
    "p1": [
      1358.0370996768977,
      1711.8758693491986
    ],
    "p2": [
      1520.7648205877456,
      1711.8758693491986
    ]
  },
  "21": {
    "um_per_px": 3.0726172357193526,
    "ref_um": 500.0,
    "p1": [
      1067.9140280208574,
      1579.6874865443074
    ],
    "p2": [
      1230.6417489317053,
      1579.6874865443074
    ]
  },
  "22": {
    "um_per_px": 3.0726172357193526,
    "ref_um": 500.0,
    "p1": [
      985.0119084072601,
      1613.9152427856507
    ],
    "p2": [
      1147.739629318108,
      1613.9152427856507
    ]
  },
  "23": {
    "um_per_px": 3.0726172357193526,
    "ref_um": 500.0,
    "p1": [
      1167.2274887026122,
      1726.6901833097763
    ],
    "p2": [
      1329.95520961346,
      1726.6901833097763
    ]
  },
  "24": {
    "um_per_px": 3.0726172357193526,
    "ref_um": 500.0,
    "p1": [
      991.8117438063822,
      1550.4109382475526
    ],
    "p2": [
      1154.5394647172302,
      1550.4109382475526
    ]
  },
  "25": {
    "um_per_px": 3.0726172357193526,
    "ref_um": 500.0,
    "p1": [
      295.2432473917306,
      957.9740351724411
    ],
    "p2": [
      457.9709683025786,
      957.9740351724411
    ]
  }
}